Feature,Coefficient,Absolute_Coefficient
numeric__Distance_From_River,-11.754528918020728,11.754528918020728
numeric__NDWI,-3.401158181619452,3.401158181619452
categorical__LandCover_0,2.1546971515483753,2.1546971515483753
numeric__NDVI,-1.8583684577631316,1.8583684577631316
categorical__LandCover_5,-1.660105987183545,1.660105987183545
categorical__LandCover_6,-0.9411942028928258,0.9411942028928258
categorical__LandCover_1,-0.8569487409929747,0.8569487409929747
categorical__LandCover_7,0.7510223313351487,0.7510223313351487
categorical__LandCover_3,0.7340215554106937,0.7340215554106937
numeric__Elevation,-0.6258041821949314,0.6258041821949314
categorical__LandCover_4,-0.44270368287876527,0.44270368287876527
numeric__Rainfall,0.2368545116678249,0.2368545116678249
