Actual_Label,Predicted_Label,Probability_Potential_Erosion
0,0,0.0
0,0,0.005
0,0,0.015
0,1,0.51
0,0,0.005
0,0,0.0
0,0,0.0
0,0,0.0
0,0,0.0
0,0,0.005
0,0,0.0
0,0,0.015
0,0,0.005
0,0,0.0
0,0,0.0
0,0,0.005
0,0,0.0
0,0,0.005
0,0,0.0
0,0,0.0
0,0,0.025
0,0,0.155
0,0,0.0
0,0,0.0
0,0,0.0
0,0,0.005
0,0,0.0
0,0,0.0
0,0,0.015
0,0,0.0
0,0,0.015
0,0,0.005
0,0,0.03
0,0,0.0
0,0,0.02
0,0,0.045
0,0,0.0
0,0,0.0
0,0,0.0
0,0,0.005
0,0,0.015
0,0,0.0
0,0,0.0
0,0,0.0
0,0,0.005
0,0,0.02
0,0,0.0
0,0,0.095
0,1,0.985
0,0,0.01
0,0,0.015
0,0,0.01
0,0,0.0
0,0,0.04
0,0,0.03
0,0,0.0
0,0,0.02
0,0,0.0
0,0,0.0
0,0,0.005
0,0,0.0
0,0,0.0
0,0,0.005
0,0,0.005
0,0,0.0
0,0,0.04
0,0,0.03
0,0,0.165
0,0,0.0
0,0,0.0
0,0,0.0
0,0,0.0
0,0,0.0
0,0,0.0
0,0,0.0
0,0,0.0
0,1,0.505
0,0,0.005
0,0,0.01
0,1,0.995
0,0,0.025
0,0,0.005
0,0,0.14
0,0,0.0
0,0,0.01
0,0,0.005
0,0,0.005
0,0,0.0
0,0,0.0
0,0,0.0
0,0,0.005
0,0,0.01
0,0,0.0
0,0,0.005
0,0,0.0
0,1,0.655
0,0,0.005
0,0,0.005
0,0,0.0
0,0,0.0
0,0,0.0
0,0,0.0
0,0,0.005
0,0,0.01
0,0,0.0
0,0,0.0
0,0,0.0
0,0,0.02
0,0,0.0
0,0,0.0
0,0,0.0
0,0,0.0
0,0,0.0
0,0,0.01
0,0,0.0
0,1,0.975
0,0,0.005
0,0,0.0
0,0,0.07
0,0,0.045
0,0,0.0
0,0,0.0
0,0,0.005
0,0,0.0
0,0,0.04
0,0,0.02
0,0,0.035
0,0,0.005
0,0,0.01
0,0,0.0
0,0,0.0
0,0,0.03
0,0,0.015
0,0,0.02
0,0,0.005
0,0,0.0
0,0,0.0
0,0,0.0
0,0,0.0
0,0,0.0
0,0,0.05
0,0,0.01
0,0,0.07
0,0,0.0
0,0,0.005
0,0,0.005
0,0,0.0
0,0,0.0
0,0,0.0
0,0,0.0
0,0,0.0
0,0,0.02
0,0,0.0
0,0,0.0
0,0,0.015
0,0,0.03
0,0,0.0
0,0,0.0
0,0,0.0
0,0,0.015
0,0,0.0
0,0,0.12
0,0,0.0
0,0,0.015
0,0,0.0
0,0,0.0
0,0,0.0
0,0,0.0
0,0,0.0
0,0,0.045
0,0,0.0
0,0,0.0
0,0,0.0
0,0,0.0
0,0,0.0
0,0,0.0
0,0,0.0
0,0,0.01
0,0,0.0
0,0,0.0
0,0,0.005
0,0,0.0
0,0,0.005
0,0,0.0
0,0,0.0
0,0,0.0
0,0,0.005
0,0,0.005
0,0,0.0
0,0,0.0
0,0,0.0
0,0,0.0
0,0,0.0
0,0,0.025
0,0,0.005
0,0,0.0
0,0,0.0
0,0,0.005
0,0,0.035
0,0,0.0
0,0,0.0
0,0,0.005
0,0,0.0
0,0,0.0
0,0,0.005
0,0,0.005
0,0,0.0
0,0,0.005
0,0,0.1
0,0,0.005
0,0,0.0
0,0,0.0
0,0,0.0
0,0,0.0
0,0,0.0
0,0,0.0
0,0,0.0
0,0,0.0
0,0,0.005
0,0,0.005
0,0,0.01
0,0,0.0
0,0,0.0
0,0,0.025
0,0,0.0
0,0,0.08
0,0,0.005
0,0,0.0
0,0,0.0
0,0,0.02
0,0,0.005
0,0,0.01
0,0,0.01
0,0,0.015
0,0,0.115
0,0,0.035
0,0,0.0
0,0,0.0
0,0,0.005
0,0,0.025
0,0,0.0
0,0,0.0
0,0,0.0
0,0,0.0
0,0,0.0
0,0,0.0
0,0,0.0
0,0,0.0
0,0,0.045
0,0,0.005
0,0,0.005
0,0,0.015
0,0,0.025
0,0,0.025
0,0,0.0
0,0,0.005
0,0,0.0
0,0,0.0
0,0,0.0
0,0,0.055
0,0,0.0
0,0,0.0
0,0,0.0
0,0,0.0
0,0,0.005
0,0,0.0
0,0,0.0
0,0,0.0
0,0,0.0
0,0,0.015
0,0,0.005
0,0,0.0
0,0,0.015
0,0,0.005
0,0,0.0
0,0,0.0
0,0,0.0
0,0,0.0
0,0,0.0
0,0,0.0
0,0,0.045
0,0,0.0
0,0,0.01
0,0,0.0
0,0,0.0
0,0,0.0
0,0,0.005
0,0,0.0
0,0,0.0
0,0,0.03
0,0,0.005
0,0,0.005
0,0,0.005
0,0,0.0
0,0,0.0
0,0,0.0
0,0,0.0
0,0,0.0
0,0,0.02
0,0,0.01
0,0,0.0
0,0,0.03
0,0,0.06
0,1,0.65
0,0,0.0
0,0,0.01
0,0,0.03
0,0,0.005
0,0,0.055
0,0,0.0
0,0,0.0
0,0,0.0
0,0,0.0
0,0,0.09
0,0,0.0
0,0,0.0
0,0,0.0
0,0,0.0
0,0,0.0
0,0,0.0
0,0,0.005
0,0,0.01
0,0,0.0
0,1,0.54
0,0,0.015
0,0,0.01
0,1,0.545
0,0,0.025
0,0,0.025
0,1,0.84
0,0,0.01
0,0,0.0
0,0,0.0
0,0,0.025
0,0,0.005
0,0,0.0
0,0,0.0
0,0,0.0
0,0,0.01
0,0,0.0
0,0,0.0
0,0,0.14
0,0,0.0
0,0,0.005
0,0,0.11
0,0,0.005
0,0,0.0
0,0,0.0
0,0,0.0
0,0,0.0
0,0,0.01
0,0,0.065
0,0,0.005
0,0,0.0
0,0,0.0
0,0,0.005
0,0,0.01
0,0,0.0
0,0,0.005
0,0,0.005
0,0,0.0
0,0,0.005
0,0,0.0
0,0,0.005
0,0,0.135
0,0,0.0
0,0,0.0
0,0,0.0
0,0,0.0
0,0,0.005
0,0,0.015
0,0,0.05
0,0,0.0
0,0,0.0
0,0,0.0
0,0,0.0
0,0,0.0
0,0,0.0
0,0,0.02
0,0,0.01
0,0,0.0
0,0,0.01
0,0,0.01
0,0,0.0
0,0,0.0
0,0,0.005
0,0,0.02
0,0,0.0
0,0,0.005
0,0,0.0
0,0,0.0
0,1,0.8
0,0,0.03
0,0,0.005
0,0,0.005
0,0,0.0
0,0,0.005
0,0,0.0
0,0,0.0
0,0,0.0
0,0,0.0
0,0,0.0
0,0,0.0
0,0,0.025
0,0,0.0
0,0,0.095
0,0,0.0
0,0,0.0
0,0,0.005
0,0,0.045
0,0,0.01
0,0,0.0
0,0,0.0
0,0,0.01
0,0,0.0
0,0,0.0
0,0,0.0
0,0,0.015
0,0,0.0
0,0,0.0
0,0,0.0
0,0,0.0
0,0,0.055
0,0,0.0
0,0,0.045
0,0,0.0
0,0,0.0
0,0,0.0
0,0,0.0
0,0,0.0
0,0,0.0
0,0,0.0
0,0,0.03
0,0,0.165
0,0,0.0
0,0,0.04
0,0,0.0
0,0,0.005
0,0,0.0
0,0,0.045
0,0,0.0
0,0,0.025
0,0,0.0
0,0,0.0
0,0,0.0
0,0,0.02
0,0,0.0
0,0,0.0
0,0,0.0
0,0,0.005
0,0,0.0
0,0,0.0
0,0,0.0
0,0,0.0
0,0,0.0
0,0,0.0
0,0,0.0
0,0,0.005
0,0,0.005
0,0,0.0
0,0,0.0
0,0,0.005
0,0,0.005
0,0,0.005
0,0,0.0
0,0,0.005
0,0,0.015
0,0,0.0
0,0,0.0
0,0,0.02
0,0,0.005
0,0,0.01
0,0,0.0
0,0,0.015
0,0,0.02
0,0,0.0
0,0,0.025
0,0,0.03
0,0,0.085
0,0,0.005
0,0,0.0
0,0,0.04
0,0,0.01
0,0,0.04
0,0,0.0
0,0,0.0
0,0,0.005
0,0,0.01
0,0,0.01
0,0,0.0
0,0,0.025
0,0,0.025
0,0,0.0
0,0,0.01
0,0,0.0
0,0,0.015
0,0,0.0
0,0,0.0
0,0,0.0
0,0,0.0
1,1,0.93
1,1,0.995
1,1,0.995
1,1,0.995
1,1,1.0
1,1,0.815
1,1,0.99
1,1,0.97
1,1,0.985
1,1,0.99
1,1,0.985
1,1,0.825
1,1,0.94
1,1,1.0
1,1,0.995
1,1,1.0
1,1,0.995
1,1,0.99
1,1,1.0
1,1,0.59
1,1,0.81
1,1,0.775
1,1,0.545
1,1,0.83
1,0,0.405
1,1,0.985
1,1,0.965
1,1,0.895
1,1,0.875
1,1,0.995
1,1,0.875
1,1,0.83
1,1,0.945
1,1,0.995
1,1,0.54
1,1,0.965
1,1,0.995
1,1,0.705
1,1,0.98
1,1,0.975
1,1,0.99
1,1,0.99
1,1,0.945
1,1,0.985
1,1,0.99
1,1,0.985
1,1,0.9
1,1,1.0
1,1,0.98
1,1,0.655
1,1,1.0
1,1,0.51
1,1,0.95
1,1,0.985
1,1,0.975
1,1,1.0
1,1,0.925
1,1,1.0
1,1,0.965
1,1,1.0
1,1,0.995
1,1,0.935
1,1,0.995
1,1,0.505
1,1,0.9
1,1,0.96
1,1,0.98
1,1,0.975
1,1,0.885
1,1,0.96
1,1,1.0
1,1,0.995
1,1,0.98
1,1,0.995
1,1,0.975
1,1,0.97
1,1,1.0
1,0,0.03
1,1,0.985
1,1,1.0
1,1,0.945
1,1,0.99
1,1,0.99
1,1,0.815
1,1,0.985
1,1,0.535
1,1,0.98
1,0,0.495
1,1,0.98
1,1,1.0
1,1,0.95
1,0,0.5
1,1,0.945
1,1,0.785
1,1,0.955
1,1,0.995
1,1,0.955
1,1,0.995
1,1,0.94
1,1,0.995
1,1,0.98
1,1,0.965
1,1,1.0
1,1,1.0
1,1,1.0
1,1,0.995
1,1,0.91
1,1,0.99
1,1,0.99
1,1,0.82
1,1,0.535
1,0,0.335
1,1,0.99
1,1,0.99
1,1,0.995
1,1,0.845
1,1,0.83
1,1,0.745
1,1,0.985
1,1,0.52
1,1,1.0
1,1,0.99
1,1,0.955
1,1,0.945
1,1,1.0
1,1,0.88
1,1,1.0
1,1,0.985
1,1,1.0
1,1,1.0
1,1,0.905
1,1,1.0
1,1,0.885
1,1,0.945
1,1,0.735
1,1,0.635
1,1,0.94
1,1,0.97
1,1,0.855
1,1,0.995
1,1,0.995
1,1,0.995
1,1,0.915
1,1,0.725
1,1,0.555
1,1,0.99
1,1,0.74
1,1,0.88
1,1,1.0
1,1,0.55
1,1,0.96
1,1,0.935
1,1,1.0
1,1,0.795
1,1,0.845
1,1,0.98
1,1,0.98
1,1,0.59
1,1,0.9
1,1,1.0
1,1,0.945
1,1,0.97
1,1,0.995
1,1,0.985
1,1,0.925
1,1,0.99
1,1,0.99
1,1,0.92
1,1,0.895
1,1,0.825
1,1,0.92
1,1,0.815
1,1,0.995
1,1,0.98
1,1,0.945
1,1,1.0
1,1,0.94
1,1,0.94
1,1,0.985
1,1,0.99
1,1,0.88
1,1,0.995
1,1,0.76
1,1,0.93
1,1,0.985
1,1,0.62
1,1,0.99
1,1,0.935
1,1,0.935
1,1,0.95
1,1,0.99
1,1,0.975
1,1,0.99
1,1,0.985
1,1,0.99
1,1,0.915
1,1,0.96
1,1,0.905
1,1,0.535
1,1,0.995
1,1,0.97
1,1,0.895
1,1,0.995
1,1,0.85
1,1,1.0
1,1,0.855
1,1,0.935
1,1,1.0
1,1,1.0
1,1,1.0
1,1,0.875
1,1,0.96
1,1,1.0
1,1,0.975
1,1,0.96
1,1,0.9
1,1,0.995
1,1,0.97
1,1,0.565
1,1,0.58
1,1,0.615
1,1,0.995
1,1,0.71
1,1,0.985
1,1,0.935
1,1,1.0
1,1,1.0
1,1,0.995
1,1,0.715
1,1,0.89
1,1,0.975
1,1,1.0
1,1,1.0
1,1,1.0
1,1,0.985
1,1,0.53
1,1,0.935
1,1,0.815
1,1,0.99
1,1,0.975
1,1,0.905
1,1,0.96
1,1,0.96
1,1,0.515
1,1,1.0
1,1,0.99
1,1,0.97
1,1,0.705
1,1,0.985
1,1,0.98
1,1,0.995
1,1,1.0
1,1,0.945
1,1,0.995
1,1,0.72
1,1,0.995
1,1,0.905
1,1,0.98
1,1,0.885
1,1,0.99
1,1,0.91
1,1,0.995
1,1,0.995
1,1,0.985
1,1,0.665
1,1,1.0
1,1,1.0
1,1,1.0
1,1,1.0
1,1,0.995
1,1,0.99
1,1,0.785
1,1,0.985
1,1,0.95
1,1,0.95
1,1,0.985
1,1,0.925
1,1,0.945
1,1,0.965
1,1,0.66
1,1,1.0
1,1,1.0
1,1,0.54
1,1,0.965
1,1,0.96
1,1,0.965
1,1,0.965
1,1,1.0
1,1,0.625
1,1,0.645
1,1,1.0
1,1,1.0
1,1,0.935
1,1,0.95
1,1,0.89
1,1,0.86
1,1,0.945
1,1,0.865
1,1,1.0
1,1,1.0
1,1,0.925
1,1,0.71
1,1,1.0
1,1,0.955
1,1,0.935
1,1,0.995
1,1,0.9
1,1,0.66
1,1,0.975
1,1,1.0
1,1,0.98
1,1,1.0
1,1,0.935
1,1,0.98
1,1,0.615
1,1,1.0
1,1,1.0
1,1,0.965
1,1,0.98
1,1,1.0
1,1,0.93
1,1,0.995
1,1,1.0
1,1,1.0
1,1,1.0
1,1,0.965
1,1,0.66
1,1,0.98
1,1,0.995
1,1,0.78
1,1,0.8
1,1,0.89
1,1,0.915
1,1,1.0
1,1,1.0
1,1,1.0
1,1,0.995
1,1,0.975
1,1,1.0
1,1,0.995
1,1,0.52
1,1,0.915
1,1,1.0
1,0,0.35
1,1,0.94
1,1,0.995
1,1,0.985
1,1,0.85
1,1,0.915
1,1,0.955
1,1,0.955
1,1,0.525
1,1,0.875
1,1,1.0
1,1,0.995
1,1,1.0
1,1,0.985
1,1,0.975
1,1,0.64
1,1,1.0
1,1,0.94
1,1,0.96
1,1,1.0
1,1,0.975
1,1,0.885
1,1,0.7
1,1,0.98
1,1,0.945
1,1,0.805
1,1,1.0
1,1,0.935
1,1,1.0
1,1,0.995
1,1,0.99
1,1,0.97
1,1,0.965
1,1,0.98
1,1,0.98
1,1,0.965
1,1,0.98
1,1,0.99
1,1,0.775
1,1,0.785
1,1,0.88
1,1,0.99
1,1,0.9
1,1,0.94
1,1,0.99
1,1,0.995
1,1,0.85
1,1,0.985
1,1,1.0
1,1,0.86
1,1,0.995
1,1,0.835
1,1,0.995
1,1,0.855
1,1,0.995
1,1,0.85
1,1,1.0
1,1,0.985
1,1,0.98
1,1,1.0
1,1,0.875
1,1,0.55
1,1,0.91
1,1,0.995
1,1,0.965
1,1,1.0
1,1,1.0
1,1,0.95
1,1,0.995
1,1,0.98
1,1,0.99
1,1,0.995
1,1,0.995
1,1,0.705
1,1,0.975
1,1,0.97
1,1,0.75
1,1,1.0
1,1,0.985
1,1,1.0
1,1,0.535
1,1,0.935
1,1,0.685
1,1,0.88
1,1,0.695
1,1,0.965
1,1,0.94
1,0,0.37
1,1,0.995
1,1,0.985
1,1,0.985
1,1,0.775
1,1,0.995
1,1,0.985
1,1,0.99
1,1,1.0
1,1,0.855
1,1,0.93
1,1,0.82
1,1,1.0
1,1,0.955
1,1,0.975
1,1,0.975
1,1,0.77
1,1,0.955
1,1,1.0
1,1,0.985
1,1,0.545
1,1,0.84
1,1,0.98
1,1,0.995
1,0,0.025
1,1,0.995
1,1,0.875
1,1,1.0
1,1,0.985
1,1,0.995
1,1,0.99
1,1,0.56
1,1,0.96
1,1,0.995
1,1,0.765
1,1,1.0
1,1,0.98
1,1,1.0
1,1,0.955
1,1,0.99
1,1,0.98
1,1,0.555
1,1,0.955
1,1,0.965
1,1,0.845
1,1,0.945
1,1,0.91
1,1,1.0
1,1,0.995
1,1,0.995
1,1,0.65
1,1,0.55
1,1,1.0
1,1,0.735
1,1,0.82
1,1,0.995
1,1,0.995
1,1,0.975
1,1,0.97
1,1,1.0
1,1,1.0
1,1,0.99
1,1,0.975
1,1,1.0
1,1,0.98
1,1,0.94
1,1,0.905
1,1,1.0
1,1,1.0
1,1,0.72
0,0,0.005
0,0,0.065
0,0,0.025
0,0,0.01
0,0,0.0
0,0,0.01
0,0,0.005
0,0,0.0
0,0,0.0
0,0,0.005
0,0,0.005
0,0,0.0
0,0,0.06
0,0,0.01
0,0,0.005
0,0,0.005
0,0,0.0
0,0,0.0
0,0,0.015
0,0,0.02
0,0,0.0
0,0,0.0
0,0,0.0
0,0,0.01
0,0,0.015
0,0,0.0
0,0,0.005
0,0,0.005
0,0,0.0
0,0,0.015
0,0,0.005
0,0,0.005
0,0,0.0
0,0,0.0
0,0,0.0
0,0,0.18
0,0,0.005
0,0,0.0
0,0,0.0
0,0,0.01
0,0,0.0
0,0,0.0
0,0,0.01
0,0,0.015
0,0,0.03
0,0,0.005
0,0,0.025
0,0,0.0
0,0,0.0
0,0,0.0
0,0,0.0
0,0,0.0
0,0,0.085
0,0,0.01
0,0,0.02
0,0,0.015
0,0,0.0
0,0,0.005
0,0,0.18
0,0,0.0
0,0,0.0
0,0,0.005
0,0,0.01
0,0,0.015
0,0,0.0
0,0,0.0
0,0,0.08
0,0,0.0
0,0,0.02
0,0,0.0
0,0,0.0
0,0,0.0
0,0,0.01
0,0,0.0
0,0,0.015
0,1,0.88
0,0,0.005
0,0,0.005
0,0,0.04
0,0,0.0
0,0,0.005
0,0,0.0
0,0,0.0
0,0,0.0
0,0,0.005
0,0,0.03
0,0,0.0
0,0,0.0
0,0,0.025
0,0,0.005
0,0,0.0
0,0,0.0
0,0,0.0
0,0,0.0
0,0,0.005
0,0,0.0
0,0,0.0
0,0,0.065
0,0,0.0
0,0,0.0
0,0,0.01
0,0,0.005
0,0,0.005
0,0,0.0
0,0,0.0
0,0,0.0
0,0,0.005
0,0,0.0
0,0,0.05
0,0,0.005
0,1,0.86
0,0,0.0
0,0,0.005
0,0,0.0
0,0,0.1
0,0,0.015
0,0,0.0
0,0,0.0
0,0,0.0
0,0,0.08
0,0,0.0
0,0,0.0
0,0,0.0
0,0,0.0
0,0,0.01
0,0,0.005
0,0,0.0
0,0,0.005
0,0,0.0
0,0,0.01
0,0,0.0
0,0,0.02
0,0,0.01
0,0,0.0
0,0,0.01
0,0,0.005
0,0,0.0
0,0,0.015
0,0,0.015
0,0,0.0
0,0,0.005
0,0,0.01
0,0,0.005
0,0,0.005
0,0,0.01
0,0,0.0
0,0,0.0
0,0,0.01
0,0,0.01
0,0,0.015
0,0,0.0
0,0,0.0
0,0,0.01
0,0,0.0
0,0,0.0
0,0,0.01
0,0,0.0
0,1,0.995
0,0,0.115
0,0,0.005
0,0,0.0
0,0,0.0
0,0,0.0
0,0,0.02
0,0,0.025
0,0,0.005
0,0,0.005
0,0,0.0
0,0,0.005
0,0,0.0
0,0,0.005
0,0,0.0
0,0,0.005
0,0,0.005
0,0,0.025
0,0,0.015
0,0,0.015
0,0,0.0
0,0,0.0
0,0,0.0
0,0,0.0
0,0,0.0
0,0,0.0
0,0,0.0
0,0,0.0
0,0,0.01
0,0,0.015
0,0,0.025
0,0,0.005
0,0,0.035
0,0,0.005
0,0,0.0
0,0,0.0
0,0,0.03
0,0,0.0
0,0,0.005
0,0,0.0
0,0,0.01
0,0,0.0
0,0,0.005
0,0,0.0
0,0,0.005
0,0,0.04
0,0,0.055
0,0,0.0
0,0,0.0
0,0,0.0
0,0,0.02
0,0,0.0
0,0,0.0
0,0,0.01
0,0,0.02
0,0,0.01
0,0,0.005
0,0,0.015
0,0,0.0
0,0,0.0
0,0,0.0
0,0,0.005
0,0,0.0
0,0,0.0
0,0,0.075
0,0,0.025
0,0,0.015
0,0,0.015
0,0,0.21
0,0,0.0
0,0,0.02
0,0,0.0
0,0,0.005
0,0,0.0
0,0,0.0
0,0,0.0
0,0,0.005
0,0,0.005
0,0,0.0
0,0,0.0
0,0,0.005
0,0,0.0
0,0,0.015
0,0,0.0
0,0,0.005
0,0,0.0
0,0,0.0
0,0,0.0
0,0,0.0
0,0,0.0
0,0,0.005
0,0,0.01
0,0,0.0
0,0,0.0
0,0,0.0
0,0,0.01
0,0,0.005
0,0,0.055
0,0,0.0
0,0,0.015
0,0,0.015
0,0,0.005
0,0,0.005
0,0,0.0
0,0,0.0
0,0,0.0
0,0,0.14
0,0,0.005
0,0,0.0
0,0,0.0
0,0,0.015
0,0,0.0
0,0,0.0
0,0,0.005
0,0,0.02
0,0,0.0
0,0,0.0
0,0,0.01
0,0,0.015
0,0,0.0
0,0,0.03
0,0,0.025
0,0,0.02
0,0,0.0
0,0,0.015
0,0,0.0
0,0,0.01
0,0,0.005
0,0,0.0
0,0,0.0
0,0,0.0
0,0,0.0
0,0,0.005
0,0,0.0
0,0,0.01
0,0,0.0
0,1,0.945
0,0,0.005
0,0,0.0
0,0,0.0
0,0,0.0
0,0,0.005
0,0,0.0
0,0,0.0
0,0,0.0
0,0,0.0
0,0,0.0
0,0,0.0
0,0,0.0
0,0,0.0
0,0,0.005
0,0,0.0
0,0,0.03
0,0,0.0
0,0,0.0
0,0,0.0
0,0,0.005
0,0,0.005
0,0,0.005
0,0,0.0
0,0,0.0
0,0,0.0
0,0,0.165
0,0,0.0
0,0,0.0
0,0,0.0
0,0,0.025
0,0,0.005
0,0,0.0
0,0,0.04
0,0,0.005
0,0,0.0
0,0,0.0
0,0,0.0
0,0,0.0
0,0,0.005
0,0,0.005
0,0,0.02
0,0,0.035
0,0,0.0
0,0,0.015
0,0,0.42
0,0,0.01
0,0,0.01
0,0,0.035
0,0,0.0
0,0,0.0
0,0,0.01
0,0,0.0
0,0,0.0
0,0,0.0
0,0,0.0
0,0,0.0
0,0,0.0
0,0,0.02
0,0,0.005
0,0,0.0
0,0,0.0
0,0,0.045
0,0,0.0
0,0,0.0
0,0,0.0
0,0,0.01
0,0,0.0
0,0,0.0
0,0,0.0
0,0,0.0
0,0,0.0
0,0,0.0
0,0,0.005
0,0,0.0
0,0,0.005
0,0,0.075
0,0,0.0
0,0,0.01
0,0,0.0
0,0,0.01
0,0,0.0
0,0,0.0
0,0,0.005
0,0,0.065
0,0,0.01
0,0,0.005
0,0,0.04
0,0,0.0
0,0,0.0
0,0,0.0
0,0,0.035
0,0,0.0
0,0,0.005
0,0,0.0
0,0,0.0
0,0,0.0
0,0,0.005
0,0,0.0
0,0,0.005
0,0,0.0
0,0,0.06
0,0,0.01
0,0,0.01
0,0,0.0
0,0,0.0
0,0,0.0
0,0,0.0
0,0,0.0
0,0,0.0
0,0,0.005
0,0,0.005
0,0,0.015
0,0,0.005
0,0,0.005
0,0,0.005
0,0,0.0
0,0,0.0
0,0,0.0
0,0,0.0
0,0,0.0
0,0,0.0
0,0,0.085
0,0,0.005
0,0,0.005
0,0,0.02
0,0,0.0
0,0,0.005
0,0,0.0
0,0,0.0
0,0,0.0
0,0,0.0
0,0,0.0
0,1,0.75
0,0,0.01
0,0,0.01
0,0,0.005
0,0,0.0
0,0,0.0
0,0,0.02
0,0,0.0
0,0,0.005
0,0,0.0
0,0,0.0
0,0,0.0
0,0,0.005
0,0,0.0
0,0,0.0
0,0,0.015
0,0,0.015
0,0,0.0
0,0,0.01
0,0,0.0
0,0,0.0
0,0,0.0
0,1,0.955
0,0,0.0
0,0,0.005
0,0,0.005
0,0,0.0
0,0,0.0
0,0,0.0
0,0,0.045
0,0,0.0
0,0,0.0
0,0,0.0
0,0,0.0
0,0,0.005
0,0,0.005
0,0,0.055
0,0,0.005
0,0,0.0
0,0,0.005
0,0,0.01
0,0,0.005
0,0,0.0
0,0,0.005
0,1,0.99
0,0,0.0
0,0,0.0
0,0,0.04
0,0,0.0
0,0,0.015
0,0,0.0
0,0,0.03
0,0,0.0
0,0,0.005
0,1,0.97
0,0,0.0
0,0,0.015
0,0,0.0
0,0,0.01
0,0,0.015
0,0,0.01
0,0,0.005
0,0,0.01
0,0,0.0
0,0,0.005
0,0,0.005
0,0,0.0
0,0,0.01
0,0,0.01
0,0,0.0
0,0,0.0
0,0,0.01
0,0,0.015
0,0,0.0
1,1,0.995
1,1,0.99
1,1,0.96
1,1,0.89
1,1,0.99
1,1,0.895
1,1,0.94
1,1,0.965
1,1,0.99
1,1,1.0
1,1,1.0
1,1,0.965
1,1,0.99
1,1,0.995
1,1,1.0
1,1,0.945
1,1,0.98
1,1,0.995
1,1,0.985
1,1,0.97
1,1,0.995
1,1,1.0
1,1,1.0
1,1,0.96
1,1,1.0
1,1,0.895
1,1,0.93
1,1,0.995
1,1,0.94
1,1,0.96
1,1,1.0
1,1,0.995
1,1,0.99
1,1,0.975
1,1,0.945
1,1,0.99
1,1,0.975
1,1,1.0
1,1,0.965
1,1,0.88
1,1,1.0
1,1,0.96
1,1,0.935
1,1,0.9
1,1,1.0
1,1,0.97
1,1,0.965
1,1,1.0
1,1,1.0
1,1,0.995
1,1,0.98
1,1,1.0
1,1,1.0
1,1,0.86
1,1,0.94
1,1,1.0
1,1,0.98
1,1,0.99
1,1,1.0
1,1,0.925
1,1,0.985
1,1,0.96
1,1,0.96
1,1,1.0
1,1,0.98
1,1,0.93
1,1,1.0
1,1,1.0
1,1,0.95
1,1,0.94
1,1,0.99
1,1,0.94
1,1,0.945
1,1,0.995
1,1,1.0
1,1,0.985
1,1,0.995
1,1,0.99
1,1,1.0
1,1,0.945
1,1,0.975
1,1,0.99
1,1,0.99
1,1,1.0
1,1,0.93
1,1,0.995
1,1,0.975
1,1,1.0
1,1,0.98
1,1,0.995
1,1,0.99
1,1,0.98
1,1,0.995
1,1,1.0
1,1,1.0
1,1,0.98
1,1,0.985
1,1,0.985
1,1,1.0
1,1,0.885
1,1,0.93
1,1,0.685
1,1,0.975
1,1,1.0
1,1,0.98
1,1,0.97
1,1,1.0
1,1,0.975
1,1,1.0
1,1,0.99
1,1,0.92
1,1,1.0
1,1,1.0
1,1,1.0
1,1,0.975
1,1,0.995
1,1,0.96
1,1,1.0
1,1,0.96
1,1,0.965
1,1,0.98
1,1,0.995
1,1,0.985
1,1,1.0
1,1,0.99
1,1,0.95
1,1,0.97
1,1,0.99
1,1,0.995
1,1,1.0
1,1,0.97
1,1,0.865
1,1,1.0
1,1,1.0
1,1,0.99
1,1,0.97
1,1,0.97
1,1,0.885
1,1,0.935
1,1,1.0
1,1,0.825
1,1,0.995
1,1,0.925
1,1,0.985
1,1,0.965
1,1,1.0
1,1,1.0
1,1,0.975
1,1,0.995
1,1,0.965
1,1,1.0
1,1,0.995
1,1,0.84
1,1,0.955
1,1,0.995
1,1,0.86
1,1,0.935
1,1,0.99
1,1,0.915
1,1,0.925
1,1,1.0
1,1,0.955
1,1,0.99
1,1,0.99
1,1,1.0
1,1,1.0
1,1,0.99
1,1,0.965
1,1,1.0
1,1,0.975
1,1,1.0
1,1,0.965
1,1,1.0
1,1,0.975
1,1,0.975
1,1,0.91
1,1,1.0
1,1,0.99
1,1,0.97
1,1,0.995
1,1,0.97
1,1,0.975
1,1,0.995
1,1,0.785
1,1,0.995
1,1,1.0
1,1,1.0
1,1,0.98
1,1,0.955
1,1,0.985
1,1,0.985
1,1,0.995
1,1,1.0
1,1,0.95
1,1,0.98
1,1,1.0
1,1,0.995
1,1,1.0
1,1,1.0
1,1,0.96
1,1,0.995
1,1,0.995
1,1,0.995
1,1,0.995
1,1,0.84
1,1,0.985
1,1,0.99
1,1,0.99
1,1,0.975
1,1,1.0
1,1,0.995
1,1,0.86
1,1,0.915
1,1,0.925
1,1,1.0
1,1,1.0
1,1,1.0
1,1,0.905
1,1,1.0
1,1,0.99
1,1,0.975
1,1,1.0
1,1,0.82
1,1,0.915
1,1,0.955
1,1,0.965
1,1,0.995
1,1,1.0
1,1,0.98
1,1,0.985
1,1,0.985
1,1,1.0
1,1,0.975
1,1,0.89
1,1,0.96
1,1,0.99
1,1,0.785
1,1,1.0
1,1,0.96
1,1,1.0
1,1,0.96
1,1,0.995
1,1,0.965
1,1,0.985
1,1,0.985
1,1,1.0
1,1,0.855
1,1,0.97
1,1,0.945
1,1,0.835
1,1,0.995
1,1,0.99
1,1,0.97
1,1,0.995
1,1,0.995
1,1,0.95
1,1,1.0
1,1,0.99
1,1,0.995
1,1,0.985
1,1,1.0
1,1,1.0
1,1,0.995
1,1,0.995
1,1,0.995
1,1,0.965
1,1,0.99
1,1,1.0
1,1,0.92
1,1,1.0
1,1,1.0
1,1,1.0
1,1,0.995
1,1,1.0
1,1,1.0
1,1,1.0
1,1,0.99
1,1,0.995
1,1,0.94
1,1,1.0
1,1,0.99
1,1,0.955
1,1,0.985
1,1,1.0
1,1,1.0
1,1,0.995
1,1,0.955
1,1,1.0
1,1,1.0
1,1,1.0
1,1,1.0
1,1,0.955
1,1,0.98
1,1,1.0
1,1,0.96
1,1,0.995
1,1,0.95
1,1,1.0
1,1,0.95
1,1,0.875
1,1,1.0
1,1,1.0
1,1,0.985
1,1,0.995
1,1,0.99
1,1,0.995
1,1,0.935
1,1,0.995
1,1,0.98
1,1,0.945
1,1,0.905
1,1,0.95
1,1,1.0
1,1,0.96
1,1,1.0
1,1,0.95
1,1,1.0
1,1,0.89
1,1,0.99
1,1,0.9
1,1,0.96
1,1,0.995
1,1,0.995
1,1,0.955
1,1,0.96
1,1,0.885
1,1,0.975
1,1,0.93
1,0,0.145
1,1,1.0
1,1,0.92
1,1,1.0
1,1,1.0
1,1,1.0
1,1,1.0
1,1,0.95
1,1,1.0
1,1,0.98
1,1,0.995
1,1,0.97
1,1,0.995
1,1,0.995
1,1,0.995
1,1,1.0
1,1,0.93
1,1,1.0
1,1,0.985
1,1,1.0
1,1,1.0
1,1,0.99
1,1,1.0
1,1,0.975
1,1,1.0
1,1,0.995
1,1,0.94
1,1,0.98
1,1,0.99
1,1,1.0
1,1,1.0
1,1,0.64
1,1,1.0
1,1,0.975
1,1,0.895
1,1,0.99
1,1,0.985
1,1,0.995
1,1,0.955
1,1,0.93
1,1,0.995
1,1,1.0
1,1,1.0
1,1,0.99
1,1,1.0
1,1,1.0
1,1,0.905
1,1,1.0
1,1,0.985
1,1,1.0
1,1,0.955
1,1,0.995
1,1,0.82
1,1,0.99
1,1,0.995
1,1,0.935
1,1,0.99
1,1,0.995
1,1,0.99
1,1,0.965
1,1,1.0
1,1,1.0
1,1,0.99
1,1,0.975
1,1,0.985
1,1,0.99
1,1,1.0
1,1,1.0
1,1,0.99
1,1,0.74
1,1,0.975
1,1,1.0
1,1,1.0
1,1,1.0
1,1,1.0
1,1,0.94
1,1,0.99
1,1,0.97
1,1,0.9
1,1,0.985
1,1,0.93
1,1,0.865
1,1,0.96
1,1,1.0
1,1,1.0
1,1,1.0
1,1,1.0
1,1,0.975
1,1,0.99
1,1,1.0
1,1,0.92
1,1,0.98
1,1,0.96
1,1,0.91
1,1,0.995
1,1,0.93
1,1,1.0
1,1,0.97
1,1,0.98
1,1,0.93
1,1,0.94
1,1,0.995
1,1,0.99
1,1,1.0
1,1,1.0
1,1,0.995
1,1,0.985
1,1,0.995
1,1,0.985
1,1,1.0
1,1,1.0
1,1,0.995
1,1,0.99
1,1,0.965
1,1,0.97
1,1,0.81
1,1,0.995
1,1,1.0
1,1,1.0
1,1,0.995
1,1,1.0
1,1,0.995
1,1,1.0
1,1,1.0
1,1,0.985
1,1,1.0
1,1,1.0
1,1,0.965
1,1,0.995
1,1,0.945
1,1,0.955
1,1,0.96
1,1,0.975
1,1,0.985
1,1,0.995
1,1,1.0
1,1,0.99
1,1,1.0
1,1,0.975
1,1,0.99
1,1,0.99
1,1,0.995
1,1,1.0
1,1,1.0
1,1,0.985
1,1,0.995
1,1,0.985
1,1,1.0
1,1,1.0
1,1,0.96
1,1,0.995
1,1,0.95
1,1,1.0
1,0,0.245
1,1,1.0
1,1,0.96
1,1,0.8
1,1,0.965
1,1,0.94
1,1,0.995
1,1,0.995
1,1,0.945
1,1,1.0
1,1,0.91
1,1,0.995
1,1,0.98
1,1,0.97
1,1,0.93
1,1,1.0
1,1,1.0
1,1,0.97
1,1,0.925
