Feature,Importance
numeric__Distance_From_River,0.4535660705720996
numeric__NDWI,0.17062344368015056
categorical__LandCover_0,0.16810052215457152
numeric__NDVI,0.09119053108523346
numeric__Elevation,0.04777128625867562
numeric__Rainfall,0.022804590694094577
categorical__LandCover_1,0.021475908883239084
categorical__LandCover_4,0.014981282891696831
categorical__LandCover_6,0.004819489347195066
categorical__LandCover_5,0.0032821478026575004
categorical__LandCover_3,0.0012806694157970382
categorical__LandCover_7,0.00010405721458909985
