Actual_Label,Predicted_Label,Probability_Potential_Erosion
0,0,0.00045412776
0,0,0.0011525996
0,0,0.0011189971
0,1,0.7295076
0,0,0.001244186
0,0,0.00042758763
0,0,0.00068005023
0,0,0.00079320173
0,0,0.00068805274
0,0,0.0007363829
0,0,0.0007760419
0,0,0.0018405846
0,0,0.0008635646
0,0,0.0007586643
0,0,0.00047391845
0,0,0.00081079523
0,0,0.0004821233
0,0,0.00047444936
0,0,0.0009338488
0,0,0.00042834232
0,0,0.011785454
0,1,0.98885214
0,0,0.000504648
0,0,0.0006041103
0,0,0.0004172891
0,0,0.0024619095
0,0,0.00042335573
0,0,0.00058529695
0,0,0.000862383
0,0,0.00073641835
0,0,0.00060675596
0,0,0.0004088739
0,0,0.00720215
0,0,0.00037851377
0,0,0.0013431336
0,0,0.0054021887
0,0,0.000630108
0,0,0.00041450848
0,0,0.0009717539
0,0,0.0011185948
0,0,0.0005043879
0,0,0.0006916259
0,0,0.0006002248
0,0,0.00082601904
0,0,0.0012690241
0,0,0.010364967
0,0,0.0005005713
0,0,0.010050201
0,1,0.9942942
0,0,0.0011430167
0,0,0.0012178186
0,0,0.0010024431
0,0,0.00067188655
0,0,0.00097509637
0,0,0.009668389
0,0,0.0009429416
0,0,0.0016711814
0,0,0.0009433253
0,0,0.00086342223
0,0,0.0005887673
0,0,0.0004889048
0,0,0.00055783545
0,0,0.0012950253
0,0,0.00056699297
0,0,0.0004342917
0,0,0.0005635819
0,0,0.0064569646
0,0,0.0065149707
0,0,0.0005589696
0,0,0.000558948
0,0,0.0004955657
0,0,0.0006767197
0,0,0.00077969406
0,0,0.00049563753
0,0,0.0006878502
0,0,0.000621734
0,0,0.16986305
0,0,0.0011390857
0,0,0.0017635687
0,1,0.99850047
0,0,0.00720215
0,0,0.00064454135
0,0,0.008777288
0,0,0.0007301247
0,0,0.0012652357
0,0,0.0013510326
0,0,0.00077874097
0,0,0.0004537401
0,0,0.0005825807
0,0,0.000361389
0,0,0.00093556184
0,0,0.00066880306
0,0,0.0005468331
0,0,0.0012697846
0,0,0.00071964716
0,1,0.64337885
0,0,0.0008353203
0,0,0.00048875826
0,0,0.0009818353
0,0,0.0016260706
0,0,0.0010019252
0,0,0.00054290483
0,0,0.000721939
0,0,0.0012902877
0,0,0.0006983615
0,0,0.0004510283
0,0,0.00047721202
0,0,0.00067102106
0,0,0.000569774
0,0,0.0005310023
0,0,0.00060089194
0,0,0.0005313296
0,0,0.0005027005
0,0,0.0006476037
0,0,0.0005407368
0,1,0.98851764
0,0,0.0009190229
0,0,0.0006604481
0,0,0.0015372547
0,0,0.008315661
0,0,0.0013599214
0,0,0.00058713683
0,0,0.00056855177
0,0,0.0005743382
0,0,0.025894113
0,0,0.0011975016
0,0,0.0061931196
0,0,0.00037076796
0,0,0.0005234363
0,0,0.00047372514
0,0,0.00056468416
0,0,0.0031651468
0,0,0.0013666657
0,0,0.006866668
0,0,0.0010170552
0,0,0.0005005713
0,0,0.000866785
0,0,0.0002523806
0,0,0.0009364215
0,0,0.0005005713
0,0,0.0073436364
0,0,0.0007070851
0,0,0.0024955287
0,0,0.00049469824
0,0,0.0013341194
0,0,0.0013895802
0,0,0.000583184
0,0,0.0006180884
0,0,0.000491582
0,0,0.0007550969
0,0,0.00049708056
0,0,0.0026077032
0,0,0.00047372514
0,0,0.00045756012
0,0,0.0009084196
0,0,0.0080654435
0,0,0.00051287666
0,0,0.0009939612
0,0,0.0006961139
0,0,0.0007121555
0,0,0.0006338043
0,0,0.012756972
0,0,0.0005252223
0,0,0.001682587
0,0,0.0009093323
0,0,0.000629746
0,0,0.00090394064
0,0,0.0006245968
0,0,0.0006244816
0,0,0.03307855
0,0,0.00048069595
0,0,0.00046244773
0,0,0.0006039373
0,0,0.00048800017
0,0,0.00061882485
0,0,0.00048634372
0,0,0.00043990204
0,0,0.0005010145
0,0,0.000923709
0,0,0.00048363928
0,0,0.0012657492
0,0,0.00044762957
0,0,0.0010222602
0,0,0.0006309833
0,0,0.0005376427
0,0,0.0004955657
0,0,0.0019433018
0,0,0.0021084754
0,0,0.00055161334
0,0,0.0004629064
0,0,0.0004179191
0,0,0.00042068528
0,0,0.00046019096
0,0,0.0061931196
0,0,0.00081678055
0,0,0.00042401647
0,0,0.00062236993
0,0,0.0005529373
0,0,0.00640658
0,0,0.00059836503
0,0,0.0006826294
0,0,0.0005362833
0,0,0.00047884104
0,0,0.0005652094
0,0,0.0021530504
0,0,0.0008953584
0,0,0.0004727208
0,0,0.00051416573
0,0,0.008766748
0,0,0.00056342746
0,0,0.00069821405
0,0,0.0012039383
0,0,0.0007519259
0,0,0.0005738561
0,0,0.0005947052
0,0,0.00051560544
0,0,0.00087198697
0,0,0.0007536261
0,0,0.00055496657
0,0,0.0005477389
0,0,0.0010529015
0,0,0.0007558618
0,0,0.00054458505
0,0,0.006866668
0,0,0.00056625094
0,0,0.00800053
0,0,0.0008140939
0,0,0.0006145402
0,0,0.00046571533
0,0,0.0014152499
0,0,0.0008718174
0,0,0.0006045293
0,0,0.00069871
0,0,0.00070496136
0,0,0.0044430215
0,0,0.010153638
0,0,0.00080019643
0,0,0.0006390559
0,0,0.0011419953
0,0,0.0012498702
0,0,0.000627298
0,0,0.0006143223
0,0,0.00048358509
0,0,0.0006125824
0,0,0.00059026695
0,0,0.0008189295
0,0,0.0005022168
0,0,0.00047372514
0,0,0.0012633867
0,0,0.0008392559
0,0,0.0010882989
0,0,0.0005853605
0,0,0.006866668
0,0,0.024514602
0,0,0.00077954214
0,0,0.00067630643
0,0,0.00047940575
0,0,0.00043188687
0,0,0.0005222256
0,0,0.0032579761
0,0,0.0014261282
0,0,0.00048626098
0,0,0.00047372514
0,0,0.00080168666
0,0,0.0005601181
0,0,0.00075878215
0,0,0.000861491
0,0,0.0003603117
0,0,0.0012807833
0,0,0.00085377914
0,0,0.001394352
0,0,0.00061442243
0,0,0.002142512
0,0,0.0010547925
0,0,0.0007653306
0,0,0.0005951841
0,0,0.00055372523
0,0,0.0007258149
0,0,0.00045704073
0,0,0.00083374657
0,0,0.014743782
0,0,0.0005440201
0,0,0.000500447
0,0,0.00054290483
0,0,0.000439604
0,0,0.00039282552
0,0,0.0004886106
0,0,0.0005094211
0,0,0.00047040297
0,0,0.006866668
0,0,0.0013274078
0,0,0.0010002914
0,0,0.0005476382
0,0,0.0007021657
0,0,0.0005951841
0,0,0.0007992035
0,0,0.00056971615
0,0,0.0004580478
0,0,0.00084626325
0,0,0.0008127697
0,0,0.0003070236
0,0,0.011785454
0,0,0.011026054
0,1,0.63899505
0,0,0.00048634372
0,0,0.00068886206
0,0,0.007023279
0,0,0.0010062559
0,0,0.0020132468
0,0,0.00065567635
0,0,0.0005296895
0,0,0.000709161
0,0,0.0006593381
0,0,0.019250106
0,0,0.0005968064
0,0,0.0007528964
0,0,0.00041627578
0,0,0.0005899666
0,0,0.00048634372
0,0,0.0005394668
0,0,0.0012292748
0,0,0.0012951436
0,0,0.0010925506
0,1,0.79138494
0,0,0.0017383322
0,0,0.00084371533
0,1,0.6159771
0,0,0.0070107267
0,0,0.00042913787
0,1,0.8680145
0,0,0.00097547733
0,0,0.0021098894
0,0,0.00060789974
0,0,0.0017436524
0,0,0.00045007115
0,0,0.0006512781
0,0,0.0016789415
0,0,0.00057092565
0,0,0.0010162953
0,0,0.0005934176
0,0,0.0005144731
0,0,0.004754327
0,0,0.00047771996
0,0,0.0005123487
0,0,0.005567226
0,0,0.00050562905
0,0,0.0005060727
0,0,0.00082871655
0,0,0.000800004
0,0,0.0008666248
0,0,0.0009406857
0,0,0.011972668
0,0,0.00082661473
0,0,0.0005738195
0,0,0.0006076411
0,0,0.0005518876
0,0,0.0013578488
0,0,0.0005005713
0,0,0.0008664291
0,0,0.0005520636
0,0,0.00055337144
0,0,0.00047917775
0,0,0.0015253789
0,0,0.0004234934
0,0,0.010347256
0,0,0.0005924507
0,0,0.000923709
0,0,0.00054765306
0,0,0.0006665959
0,0,0.00067618466
0,0,0.0028881181
0,0,0.00050256803
0,0,0.00059026695
0,0,0.000537593
0,0,0.0005094211
0,0,0.00052406336
0,0,0.00035892476
0,0,0.0007331626
0,0,0.00089999253
0,0,0.00044866616
0,0,0.000390664
0,0,0.0005376427
0,0,0.0013607965
0,0,0.0011388535
0,0,0.0005684006
0,0,0.00080251246
0,0,0.0007771423
0,0,0.0005512593
0,0,0.0011706956
0,0,0.00077113556
0,0,0.0007434017
0,1,0.98887235
0,0,0.007023279
0,0,0.0008519479
0,0,0.001507135
0,0,0.0005929676
0,0,0.0005800975
0,0,0.0008737814
0,0,0.00065068004
0,0,0.0007186743
0,0,0.00113289
0,0,0.000853088
0,0,0.0005952612
0,0,0.006866668
0,0,0.00048634372
0,0,0.006578419
0,0,0.0005519097
0,0,0.0005862475
0,0,0.00048031803
0,0,0.0006299942
0,0,0.0008963721
0,0,0.00046532636
0,0,0.00079452706
0,0,0.0010291835
0,0,0.0009755085
0,0,0.0005026878
0,0,0.00056964287
0,0,0.0013402496
0,0,0.001724734
0,0,0.00046899906
0,0,0.0006122829
0,0,0.00039623887
0,0,0.00066695974
0,0,0.0011050386
0,0,0.014743782
0,0,0.00050703884
0,0,0.0005445477
0,0,0.0007434017
0,0,0.00093089335
0,0,0.00068717793
0,0,0.00048634372
0,0,0.00047372514
0,0,0.017048713
0,0,0.030560223
0,0,0.00048434007
0,0,0.0031852727
0,0,0.0004525999
0,0,0.0006920551
0,0,0.00074909406
0,0,0.0073436364
0,0,0.00041332043
0,0,0.0012944156
0,0,0.0011693687
0,0,0.00034529483
0,0,0.00076297484
0,0,0.0016426586
0,0,0.0006499989
0,0,0.0007324541
0,0,0.00053609343
0,0,0.00066909724
0,0,0.002043103
0,0,0.00033927316
0,0,0.00050703884
0,0,0.0004953935
0,0,0.0004924569
0,0,0.00062164693
0,0,0.0005005713
0,0,0.0004239126
0,0,0.0006268982
0,0,0.0005222256
0,0,0.0006684303
0,0,0.0006674414
0,0,0.00039812335
0,0,0.00091610197
0,0,0.00047372514
0,0,0.00042903543
0,0,0.0018707705
0,0,0.0004662535
0,0,0.0003988932
0,0,0.00068127044
0,0,0.0006220894
0,0,0.00048493597
0,0,0.00053679827
0,0,0.0005526941
0,0,0.00720215
0,0,0.0004923093
0,0,0.0012815392
0,0,0.006560886
0,0,0.0062386687
0,0,0.00042093315
0,0,0.00059068424
0,0,0.0011663268
0,0,0.00042392494
0,0,0.008628077
0,0,0.00048634372
0,0,0.00065884495
0,0,0.00045294798
0,0,0.0011804097
0,0,0.0006704735
0,0,0.0005060727
0,0,0.001491535
0,0,0.0009426178
0,0,0.0004803087
0,0,0.0006601712
0,0,0.0002672952
0,0,0.00074111274
0,0,0.0003943002
0,0,0.0006164934
0,0,0.0005222256
0,0,0.0010300766
1,1,0.98326564
1,1,0.99439394
1,1,0.9976312
1,1,0.99759716
1,1,0.99725515
1,1,0.936143
1,1,0.98789024
1,1,0.96000016
1,1,0.99376583
1,1,0.9980665
1,1,0.98765427
1,1,0.74642503
1,1,0.99206287
1,1,0.9954294
1,1,0.9918425
1,1,0.9960349
1,1,0.99004173
1,1,0.9949026
1,1,0.9958152
1,1,0.8744434
1,1,0.7149267
1,1,0.8373649
1,1,0.89411956
1,1,0.93306243
1,0,0.2836327
1,1,0.99452955
1,1,0.99271166
1,1,0.96617436
1,1,0.93282366
1,1,0.9965759
1,1,0.97396505
1,1,0.7772732
1,1,0.99216276
1,1,0.9961714
1,1,0.86176574
1,1,0.9937878
1,1,0.980772
1,1,0.65755975
1,1,0.98711246
1,1,0.9679179
1,1,0.991109
1,1,0.9948718
1,1,0.9928711
1,1,0.9904834
1,1,0.97955155
1,1,0.998086
1,1,0.97968996
1,1,0.9926952
1,1,0.99791044
1,1,0.5383472
1,1,0.993956
1,0,0.20743659
1,1,0.9731006
1,1,0.98795044
1,1,0.98912793
1,1,0.99887353
1,1,0.9745014
1,1,0.99264187
1,1,0.978953
1,1,0.9964162
1,1,0.9826477
1,1,0.9930676
1,1,0.99574596
1,1,0.6337803
1,1,0.9056895
1,1,0.9897606
1,1,0.98527235
1,1,0.9964741
1,1,0.9952703
1,1,0.9846714
1,1,0.9930011
1,1,0.99395376
1,1,0.99583876
1,1,0.99411786
1,1,0.97988975
1,1,0.9628997
1,1,0.99630165
1,0,0.008315661
1,1,0.99411315
1,1,0.9957235
1,1,0.9639302
1,1,0.99375063
1,1,0.9984975
1,1,0.65016395
1,1,0.98084533
1,1,0.8217198
1,1,0.97895366
1,0,0.18211198
1,1,0.995195
1,1,0.993425
1,1,0.9868652
1,1,0.64508826
1,1,0.9951652
1,1,0.95676744
1,1,0.9767834
1,1,0.991161
1,1,0.97390896
1,1,0.99668485
1,1,0.9634734
1,1,0.9968533
1,1,0.99679726
1,1,0.98503995
1,1,0.9980895
1,1,0.99805284
1,1,0.993873
1,1,0.99491775
1,1,0.9809089
1,1,0.9985923
1,1,0.96874666
1,1,0.82257813
1,1,0.85251534
1,0,0.16468412
1,1,0.99794394
1,1,0.99721485
1,1,0.99551684
1,1,0.7968026
1,1,0.940337
1,1,0.8131567
1,1,0.9880205
1,1,0.842581
1,1,0.9941024
1,1,0.99245375
1,1,0.97255075
1,1,0.973422
1,1,0.9946291
1,1,0.9056895
1,1,0.99669266
1,1,0.99794847
1,1,0.9853416
1,1,0.99615175
1,1,0.8918272
1,1,0.99784875
1,1,0.79141855
1,1,0.9454258
1,1,0.7872165
1,1,0.78558177
1,1,0.96137553
1,1,0.99019367
1,1,0.9737592
1,1,0.9924044
1,1,0.9877244
1,1,0.9957023
1,1,0.97595066
1,1,0.75033057
1,1,0.8513071
1,1,0.9944723
1,1,0.65786284
1,1,0.95243776
1,1,0.9951976
1,1,0.84378487
1,1,0.99722123
1,1,0.9776319
1,1,0.9867509
1,1,0.95009613
1,1,0.8985544
1,1,0.9935049
1,1,0.9800733
1,1,0.8665732
1,1,0.8846573
1,1,0.99668854
1,1,0.9872344
1,1,0.9544141
1,1,0.9909766
1,1,0.97782826
1,1,0.9806363
1,1,0.97150457
1,1,0.9814043
1,1,0.895168
1,1,0.8428966
1,1,0.77701354
1,1,0.8548118
1,1,0.64036924
1,1,0.9979989
1,1,0.983677
1,1,0.9811369
1,1,0.99373996
1,1,0.9683744
1,1,0.9303895
1,1,0.9971464
1,1,0.9858188
1,1,0.83892506
1,1,0.9963652
1,1,0.78239506
1,1,0.83127624
1,1,0.99795556
1,1,0.64453375
1,1,0.97921216
1,1,0.9939693
1,1,0.93677336
1,1,0.9804751
1,1,0.9960432
1,1,0.9956897
1,1,0.9968029
1,1,0.99506265
1,1,0.9290139
1,1,0.96998256
1,1,0.9751717
1,1,0.9634946
1,1,0.8381323
1,1,0.98003983
1,1,0.98805165
1,1,0.9468554
1,1,0.9945339
1,1,0.7286446
1,1,0.9949321
1,1,0.79448247
1,1,0.8822611
1,1,0.99844414
1,1,0.9941512
1,1,0.9985662
1,1,0.9453758
1,1,0.97893584
1,1,0.9963701
1,1,0.97767293
1,1,0.9818667
1,1,0.96630627
1,1,0.9952437
1,1,0.97760826
1,1,0.7943956
1,1,0.5383472
1,1,0.8020658
1,1,0.9809663
1,1,0.72358066
1,1,0.9673414
1,1,0.88657355
1,1,0.992444
1,1,0.9982071
1,1,0.9967727
1,1,0.9647571
1,1,0.87452424
1,1,0.9703283
1,1,0.998154
1,1,0.99782556
1,1,0.99475104
1,1,0.9951682
1,1,0.79960483
1,1,0.9710606
1,1,0.65016395
1,1,0.99698645
1,1,0.99500024
1,1,0.7472989
1,1,0.9864109
1,1,0.99043614
1,1,0.7699496
1,1,0.9950735
1,1,0.9940408
1,1,0.9907227
1,1,0.64270246
1,1,0.97058713
1,1,0.996463
1,1,0.99877375
1,1,0.99846506
1,1,0.9378946
1,1,0.9977533
1,1,0.8050722
1,1,0.9954888
1,1,0.9584734
1,1,0.9927955
1,1,0.91445
1,1,0.99503917
1,1,0.96221185
1,1,0.9954326
1,1,0.98892444
1,1,0.9955323
1,1,0.7235866
1,1,0.9967694
1,1,0.9638409
1,1,0.99693465
1,1,0.9981184
1,1,0.9918948
1,1,0.9911403
1,1,0.8249721
1,1,0.99228877
1,1,0.9898198
1,1,0.9672391
1,1,0.9941729
1,1,0.9685101
1,1,0.99317414
1,1,0.99400806
1,1,0.61487484
1,1,0.9947396
1,1,0.99052835
1,1,0.92464197
1,1,0.95648754
1,1,0.97545505
1,1,0.9796012
1,1,0.98406833
1,1,0.9244113
1,1,0.5383472
1,1,0.57513785
1,1,0.9918737
1,1,0.99762577
1,1,0.95697975
1,1,0.9725643
1,1,0.92137027
1,1,0.9713804
1,1,0.9585654
1,1,0.86070895
1,1,0.9986449
1,1,0.9849198
1,1,0.89712745
1,1,0.84982014
1,1,0.99411786
1,1,0.991835
1,1,0.9584734
1,1,0.99558
1,1,0.8951366
1,1,0.86391807
1,1,0.99509037
1,1,0.9982115
1,1,0.98046803
1,1,0.996506
1,1,0.9775794
1,1,0.9873625
1,1,0.5673943
1,1,0.9974107
1,1,0.9963691
1,1,0.9584445
1,1,0.99692863
1,1,0.99890006
1,1,0.8910616
1,1,0.9952099
1,1,0.99796593
1,1,0.99884737
1,1,0.9946333
1,1,0.99455655
1,1,0.58332276
1,1,0.9936314
1,1,0.9927569
1,1,0.65378934
1,1,0.62419397
1,1,0.9953695
1,1,0.8480214
1,1,0.99847716
1,1,0.9964604
1,1,0.9964437
1,1,0.9832134
1,1,0.9913134
1,1,0.9969265
1,1,0.9969614
1,1,0.7085216
1,1,0.93036634
1,1,0.99822336
1,1,0.5575369
1,1,0.986761
1,1,0.9957889
1,1,0.974344
1,1,0.71095663
1,1,0.92179364
1,1,0.9724459
1,1,0.98703694
1,1,0.7347654
1,1,0.96730053
1,1,0.9951233
1,1,0.9737241
1,1,0.9897933
1,1,0.9983171
1,1,0.97294915
1,1,0.6138558
1,1,0.9978668
1,1,0.94263077
1,1,0.9909542
1,1,0.9970798
1,1,0.9881092
1,1,0.950986
1,1,0.9595171
1,1,0.99493635
1,1,0.9838488
1,1,0.6816171
1,1,0.994381
1,1,0.8342694
1,1,0.9958544
1,1,0.99591416
1,1,0.990838
1,1,0.9879546
1,1,0.81482697
1,1,0.9890281
1,1,0.9814595
1,1,0.98905295
1,1,0.8621016
1,1,0.9907477
1,1,0.8187406
1,1,0.8067658
1,1,0.9645361
1,1,0.9822192
1,1,0.89780587
1,1,0.9897104
1,1,0.9937211
1,1,0.99650687
1,1,0.78558993
1,1,0.99422
1,1,0.9977301
1,1,0.8956008
1,1,0.9984419
1,1,0.79916555
1,1,0.9945938
1,1,0.8877281
1,1,0.9638355
1,1,0.84515524
1,1,0.99343574
1,1,0.9703799
1,1,0.9931564
1,1,0.9972875
1,1,0.84515524
1,1,0.8639136
1,1,0.952425
1,1,0.99172497
1,1,0.98553526
1,1,0.99494874
1,1,0.99814916
1,1,0.99282974
1,1,0.9984352
1,1,0.99556196
1,1,0.99775594
1,1,0.99005824
1,1,0.9931359
1,1,0.6938937
1,1,0.9900939
1,1,0.9921158
1,1,0.7431339
1,1,0.9982566
1,1,0.99713707
1,1,0.9850247
1,1,0.83658946
1,1,0.9630518
1,1,0.6239531
1,1,0.9673139
1,1,0.6759731
1,1,0.9915426
1,1,0.9581231
1,0,0.34326953
1,1,0.92770576
1,1,0.9667813
1,1,0.99773407
1,1,0.8249721
1,1,0.9892436
1,1,0.9959055
1,1,0.99096686
1,1,0.99104905
1,1,0.78711873
1,1,0.91811466
1,1,0.5998601
1,1,0.9951756
1,1,0.97895366
1,1,0.9879439
1,1,0.9864237
1,1,0.6496646
1,1,0.9962775
1,1,0.9967609
1,1,0.99580836
1,0,0.39914444
1,1,0.9700603
1,1,0.9613397
1,1,0.99725074
1,0,0.0061931196
1,1,0.9958377
1,1,0.7483312
1,1,0.99559575
1,1,0.9941088
1,1,0.9848823
1,1,0.989176
1,1,0.8744434
1,1,0.9853935
1,1,0.9775637
1,1,0.62929106
1,1,0.99683446
1,1,0.97929776
1,1,0.9954203
1,1,0.99203765
1,1,0.98074764
1,1,0.9950014
1,0,0.39971933
1,1,0.9745093
1,1,0.99492633
1,1,0.9278278
1,1,0.9806356
1,1,0.9808437
1,1,0.9943111
1,1,0.9954892
1,1,0.99583095
1,1,0.8613328
1,1,0.6359338
1,1,0.99228525
1,1,0.6934083
1,1,0.87870795
1,1,0.99459296
1,1,0.9882235
1,1,0.98778266
1,1,0.99477696
1,1,0.9988152
1,1,0.995074
1,1,0.9955562
1,1,0.98370796
1,1,0.9948501
1,1,0.9975061
1,1,0.94804806
1,1,0.9813945
1,1,0.998396
1,1,0.9834251
1,1,0.9400116
0,0,0.0014129094
0,0,0.0020883626
0,0,0.0020811667
0,0,0.0011038949
0,0,0.0006243724
0,0,0.00051346706
0,0,0.0009587905
0,0,0.01647927
0,0,0.00057946204
0,0,0.0007947641
0,0,0.0005476332
0,0,0.001187561
0,0,0.0014479271
0,0,0.0012008237
0,0,0.000561441
0,0,0.00089721585
0,0,0.001281341
0,0,0.00062699115
0,0,0.0009966799
0,0,0.00088112237
0,0,0.00040905224
0,0,0.0010779651
0,0,0.00071336795
0,0,0.0013113612
0,0,0.0016814987
0,0,0.00029440675
0,0,0.00070501276
0,0,0.0006384511
0,0,0.0010289488
0,0,0.0010669271
0,0,0.0005100408
0,0,0.00063802314
0,0,0.0008814146
0,0,0.0009298061
0,0,0.0008086028
0,0,0.006738549
0,0,0.00060516427
0,0,0.00057463854
0,0,0.0011069968
0,0,0.0009902541
0,0,0.0005403555
0,0,0.00097384665
0,0,0.00043150684
0,0,0.0019907732
0,0,0.0025384813
0,0,0.00040866013
0,0,0.010754316
0,0,0.00045296332
0,0,0.0006719172
0,0,0.00039015728
0,0,0.00046001418
0,0,0.0012964958
0,0,0.003573934
0,0,0.0011011043
0,0,0.0010354099
0,0,0.0017968881
0,0,0.00093431433
0,0,0.0006329076
0,0,0.00078899786
0,0,0.00038078663
0,0,0.00081251416
0,0,0.0011969233
0,0,0.00040175422
0,0,0.0015346243
0,0,0.0010887753
0,0,0.00048922014
0,0,0.004860055
0,0,0.0007138372
0,0,0.00077848387
0,0,0.0006966597
0,0,0.00038352498
0,0,0.0012663442
0,0,0.0015822389
0,0,0.0006314586
0,0,0.0013688796
0,1,0.82323617
0,0,0.0014215404
0,0,0.0012872177
0,0,0.00060494314
0,0,0.0006387356
0,0,0.00062345545
0,0,0.0008586948
0,0,0.00081287185
0,0,0.00044396118
0,0,0.0010900653
0,0,0.0018113969
0,0,0.0007228777
0,0,0.0010804989
0,0,0.0011016378
0,0,0.000668891
0,0,0.00046288522
0,0,0.00095979264
0,0,0.000703267
0,0,0.0006413412
0,0,0.0011781282
0,0,0.00076574495
0,0,0.00040702798
0,0,0.0009480611
0,0,0.0005164113
0,0,0.0006085447
0,0,0.00071997364
0,0,0.0005146801
0,0,0.0052380664
0,0,0.0010620671
0,0,0.00030387365
0,0,0.00066708843
0,0,0.0012404952
0,0,0.012513582
0,0,0.003714825
0,0,0.0010842201
0,1,0.8346085
0,0,0.0006661053
0,0,0.0009592308
0,0,0.00052696135
0,0,0.0061758016
0,0,0.0009729735
0,0,0.0009941766
0,0,0.00072414463
0,0,0.0006849258
0,0,0.0077191764
0,0,0.00052827894
0,0,0.0005141067
0,0,0.0005986887
0,0,0.0010912119
0,0,0.00064559415
0,0,0.0013605723
0,0,0.0128055625
0,0,0.0008729779
0,0,0.000691676
0,0,0.0014976505
0,0,0.00082418486
0,0,0.021587765
0,0,0.0007648734
0,0,0.000407598
0,0,0.00083108735
0,0,0.00045960746
0,0,0.0004446634
0,0,0.0013373328
0,0,0.00075233413
0,0,0.00047009232
0,0,0.0008598304
0,0,0.0013869929
0,0,0.00047845687
0,0,0.000934451
0,0,0.001845533
0,0,0.00045483548
0,0,0.0010217187
0,0,0.0010474969
0,0,0.0008522714
0,0,0.0008873685
0,0,0.0011351445
0,0,0.0007732287
0,0,0.0012115713
0,0,0.0012820599
0,0,0.00040866013
0,0,0.0014135917
0,0,0.00066134
0,1,0.9793931
0,0,0.0011408286
0,0,0.0006457169
0,0,0.0008545328
0,0,0.00038252596
0,0,0.00066841656
0,0,0.0011606766
0,0,0.0017749766
0,0,0.00039535467
0,0,0.0013276272
0,0,0.00039720497
0,0,0.00052273954
0,0,0.00044152746
0,0,0.0006406182
0,0,0.0010497851
0,0,0.0012282144
0,0,0.0006203259
0,0,0.0067175333
0,0,0.0029198923
0,0,0.0010177696
0,0,0.00045796705
0,0,0.001064381
0,0,0.00042720727
0,0,0.0006437111
0,0,0.0011962925
0,0,0.0008495888
0,0,0.0012170885
0,0,0.001462752
0,0,0.0056518284
0,0,0.0042129266
0,0,0.001585849
0,0,0.00079565373
0,0,0.0019124646
0,0,0.008839368
0,0,0.0005725114
0,0,0.00043205553
0,0,0.0021238695
0,0,0.001074773
0,0,0.0011511566
0,0,0.0009772391
0,0,0.00079228013
0,0,0.00040866013
0,0,0.0011884149
0,0,0.0005403555
0,0,0.0008637745
0,0,0.0021040197
0,0,0.0018826759
0,0,0.00072864385
0,0,0.00064766547
0,0,0.00065736944
0,0,0.0009969111
0,0,0.005785167
0,0,0.0011069134
0,0,0.0013835799
0,0,0.0008771991
0,0,0.00078918366
0,0,0.0013292637
0,0,0.00097631133
0,0,0.0007221454
0,0,0.0006729461
0,0,0.00064772164
0,0,0.00071002997
0,0,0.0007993726
0,0,0.00070293335
0,0,0.0023858186
0,0,0.0015756441
0,0,0.0062137856
0,0,0.0012419547
0,1,0.96193147
0,0,0.0006621854
0,0,0.031080736
0,0,0.0003383971
0,0,0.0009933491
0,0,0.0004623911
0,0,0.00067423383
0,0,0.0004954403
0,0,0.0012564923
0,0,0.0013091511
0,0,0.00055434013
0,0,0.0006283021
0,0,0.00070384226
0,0,0.0008586948
0,0,0.0005929919
0,0,0.00045739004
0,0,0.0005603288
0,0,0.00045563135
0,0,0.0011127769
0,0,0.0011288127
0,0,0.0013875946
0,0,0.00053635635
0,0,0.012173312
0,0,0.0012505506
0,0,0.0010513008
0,0,0.00087399373
0,0,0.00048625376
0,0,0.0013916144
0,0,0.00046334454
0,0,0.023758492
0,0,0.0008108145
0,0,0.0014607232
0,0,0.00086075504
0,0,0.0010447665
0,0,0.0006874632
0,0,0.00033104751
0,0,0.0005635367
0,0,0.00043454248
0,1,0.5634833
0,0,0.00089656503
0,0,0.0006869628
0,0,0.00082135847
0,0,0.0016136273
0,0,0.000918544
0,0,0.0008749774
0,0,0.0013025531
0,0,0.0010626358
0,0,0.00031974085
0,0,0.001244666
0,0,0.0012087132
0,0,0.0006234032
0,0,0.0007618248
0,0,0.0029711442
0,0,0.001582303
0,0,0.001440903
0,0,0.0005386403
0,0,0.0008108145
0,0,0.0016096025
0,0,0.0010438533
0,0,0.0010994729
0,0,0.00086568814
0,0,0.0009006603
0,0,0.0012945172
0,0,0.00086546625
0,0,0.0008601659
0,0,0.0005403555
0,0,0.0006874632
0,0,0.0007535837
0,1,0.96378374
0,0,0.0007967242
0,0,0.00062345545
0,0,0.0006913653
0,0,0.00090260146
0,0,0.0013903335
0,0,0.0010912119
0,0,0.0005397139
0,0,0.001120078
0,0,0.001225086
0,0,0.0003832167
0,0,0.0015127647
0,0,0.00056179916
0,0,0.0008844462
0,0,0.001483579
0,0,0.00046001418
0,0,0.0008644422
0,0,0.00090758083
0,0,0.0005625804
0,0,0.0004512728
0,0,0.001107674
0,0,0.0012676415
0,0,0.0016361496
0,0,0.0003883233
0,0,0.000570135
0,0,0.00083437475
0,1,0.97692263
0,0,0.00085308345
0,0,0.00056093396
0,0,0.0003462041
0,0,0.0010064542
0,0,0.0005053027
0,0,0.0008411201
0,0,0.00040960222
0,0,0.0008109393
0,0,0.00051088765
0,0,0.0006070229
0,0,0.012173312
0,0,0.0003101767
0,0,0.0006567417
0,0,0.0006615691
0,0,0.001582303
0,0,0.012173312
0,0,0.00030252544
0,0,0.001055662
0,1,0.9860978
0,0,0.00147604
0,0,0.0013463687
0,0,0.0018162334
0,0,0.00078126707
0,0,0.00039134576
0,0,0.0014837408
0,0,0.00075172604
0,0,0.0006094644
0,0,0.00026906864
0,0,0.0007099383
0,0,0.0005737891
0,0,0.0005703434
0,0,0.0009415447
0,0,0.0005355319
0,0,0.00047988945
0,0,0.0005293054
0,0,0.001382409
0,0,0.0011011893
0,0,0.00058254984
0,0,0.0006077668
0,0,0.001502302
0,0,0.0004750655
0,0,0.0006607383
0,0,0.000430177
0,0,0.00041047332
0,0,0.00056577806
0,0,0.00078382075
0,0,0.00043898655
0,0,0.00056446326
0,0,0.012258994
0,0,0.0028205386
0,0,0.00092644215
0,0,0.0012431986
0,0,0.0011708685
0,0,0.0067541543
0,0,0.0008734209
0,0,0.00048203944
0,0,0.00079249457
0,0,0.0030565728
0,0,0.0010294248
0,0,0.00074738957
0,0,0.0035553596
0,0,0.0009727279
0,0,0.0007478929
0,0,0.00050890277
0,0,0.0010388774
0,0,0.006985014
0,0,0.0011916716
0,0,0.0008078546
0,0,0.00031963023
0,0,0.00045352688
0,0,0.0028734761
0,0,0.0006359845
0,0,0.0008768393
0,0,0.0006875474
0,0,0.010463624
0,0,0.0003485273
0,0,0.0012797335
0,0,0.0008502488
0,0,0.00046660716
0,0,0.0007618248
0,0,0.00151614
0,0,0.00066079217
0,0,0.00040197908
0,0,0.0010277716
0,0,0.0015040605
0,0,0.0017841324
0,0,0.0009737752
0,0,0.00082180504
0,0,0.0012351049
0,0,0.007175452
0,0,0.000553121
0,0,0.00055416423
0,0,0.00072086137
0,0,0.00052802445
0,0,0.0005472119
0,0,0.0030330746
0,0,0.00063610816
0,0,0.00059961557
0,0,0.0012295143
0,0,0.0043553608
0,0,0.0011203757
0,0,0.0006979007
0,0,0.0006511149
0,0,0.0014331274
0,0,0.00055678847
0,0,0.000998012
0,1,0.50275713
0,0,0.0008338141
0,0,0.000947941
0,0,0.001071226
0,0,0.0012629343
0,0,0.0014041301
0,0,0.0014217929
0,0,0.000925611
0,0,0.0006444624
0,0,0.0011759341
0,0,0.00049962907
0,0,0.00030629887
0,0,0.00073475734
0,0,0.00057911116
0,0,0.0003099151
0,0,0.001296621
0,0,0.000671513
0,0,0.00085932505
0,0,0.0005868129
0,0,0.0005403555
0,0,0.00047586998
0,0,0.00047443848
0,1,0.9402742
0,0,0.0007389896
0,0,0.0013561725
0,0,0.001367273
0,0,0.000359294
0,0,0.00042455058
0,0,0.0006966597
0,0,0.0028365853
0,0,0.001244666
0,0,0.00039098033
0,0,0.00048781667
0,0,0.00045519244
0,0,0.00083643576
0,0,0.00061521586
0,0,0.023758492
0,0,0.000538238
0,0,0.0010625958
0,0,0.0005017039
0,0,0.0006407501
0,0,0.00081479317
0,0,0.0004663759
0,0,0.0006604128
0,1,0.98682344
0,0,0.0008844462
0,0,0.002146273
0,0,0.0039267624
0,0,0.0016454033
0,0,0.0063678958
0,0,0.0004897815
0,0,0.0025496401
0,0,0.001432531
0,0,0.0002861952
0,1,0.9759621
0,0,0.0005627941
0,0,0.00057163433
0,0,0.0005644121
0,0,0.00065109786
0,0,0.0065992363
0,0,0.0007326943
0,0,0.00095226394
0,0,0.0006029334
0,0,0.00065474905
0,0,0.0006036786
0,0,0.0005287164
0,0,0.0004794387
0,0,0.0007675012
0,0,0.0006399192
0,0,0.0005403555
0,0,0.0008132027
0,0,0.0013717989
0,0,0.015537995
0,0,0.00041781215
1,1,0.99497557
1,1,0.9565915
1,1,0.96857506
1,1,0.950655
1,1,0.97391415
1,1,0.9734677
1,1,0.9309928
1,1,0.9805602
1,1,0.9822741
1,1,0.9965544
1,1,0.9922282
1,1,0.9930559
1,1,0.99336374
1,1,0.99693394
1,1,0.95872164
1,1,0.9825096
1,1,0.973917
1,1,0.9937304
1,1,0.9775663
1,1,0.9591465
1,1,0.98188686
1,1,0.9941474
1,1,0.99226403
1,1,0.9827215
1,1,0.9899775
1,1,0.9880193
1,1,0.9503883
1,1,0.992766
1,1,0.91636
1,1,0.98476344
1,1,0.9908602
1,1,0.9884775
1,1,0.99028
1,1,0.9969695
1,1,0.9717723
1,1,0.99059945
1,1,0.9872306
1,1,0.99133426
1,1,0.9677393
1,1,0.9470858
1,1,0.9979792
1,1,0.93411577
1,1,0.9126483
1,1,0.9100586
1,1,0.9974917
1,1,0.99346703
1,1,0.9717898
1,1,0.9953607
1,1,0.99694425
1,1,0.9479193
1,1,0.96333
1,1,0.9891305
1,1,0.99347335
1,1,0.94167894
1,1,0.970852
1,1,0.9977289
1,1,0.94366723
1,1,0.98993826
1,1,0.9916432
1,1,0.93066967
1,1,0.98541355
1,1,0.9832087
1,1,0.9923596
1,1,0.9846052
1,1,0.98570895
1,1,0.9032562
1,1,0.98810554
1,1,0.96973544
1,1,0.95970064
1,1,0.92774796
1,1,0.98733693
1,1,0.9680894
1,1,0.98629934
1,1,0.9885061
1,1,0.99307597
1,1,0.99445915
1,1,0.9937239
1,1,0.9973213
1,1,0.998168
1,1,0.9770264
1,1,0.99365777
1,1,0.9707394
1,1,0.9944358
1,1,0.9911315
1,1,0.94301695
1,1,0.9813581
1,1,0.986753
1,1,0.9904784
1,1,0.9887939
1,1,0.9892595
1,1,0.9936575
1,1,0.9899469
1,1,0.98824805
1,1,0.9926715
1,1,0.9960078
1,1,0.996693
1,1,0.99216276
1,1,0.9519167
1,1,0.9950656
1,1,0.95652056
1,1,0.9488886
1,1,0.67482436
1,1,0.99668485
1,1,0.9917635
1,1,0.9933448
1,1,0.9951645
1,1,0.98362535
1,1,0.96135503
1,1,0.966917
1,1,0.9359762
1,1,0.9587452
1,1,0.99763477
1,1,0.9952909
1,1,0.9935197
1,1,0.968971
1,1,0.99763393
1,1,0.9798023
1,1,0.97631365
1,1,0.99150765
1,1,0.9855437
1,1,0.986598
1,1,0.99653167
1,1,0.98422235
1,1,0.99701273
1,1,0.98946863
1,1,0.9409343
1,1,0.9548534
1,1,0.9935114
1,1,0.9781292
1,1,0.9924975
1,1,0.96359
1,1,0.9233943
1,1,0.9932568
1,1,0.97003704
1,1,0.99589455
1,1,0.9557096
1,1,0.9944489
1,1,0.88336414
1,1,0.9810845
1,1,0.9651604
1,1,0.8742109
1,1,0.99646395
1,1,0.93369895
1,1,0.9954201
1,1,0.9514707
1,1,0.9935272
1,1,0.97616667
1,1,0.9846162
1,1,0.995786
1,1,0.98357415
1,1,0.9955117
1,1,0.989735
1,1,0.8322573
1,1,0.951676
1,1,0.990866
1,1,0.8880232
1,1,0.95870113
1,1,0.92729896
1,1,0.96305305
1,1,0.98068124
1,1,0.9875272
1,1,0.9842913
1,1,0.9905095
1,1,0.9497011
1,1,0.9921273
1,1,0.9911548
1,1,0.9896479
1,1,0.9735638
1,1,0.99789494
1,1,0.9682702
1,1,0.9931138
1,1,0.9840036
1,1,0.99334574
1,1,0.976239
1,1,0.98322004
1,1,0.9486522
1,1,0.99575645
1,1,0.94540876
1,1,0.98355097
1,1,0.94533014
1,1,0.9784
1,1,0.94887495
1,1,0.9686765
1,1,0.9450034
1,1,0.99184954
1,1,0.98638827
1,1,0.99693006
1,1,0.9782779
1,1,0.98830926
1,1,0.98181766
1,1,0.98594797
1,1,0.98873633
1,1,0.9952886
1,1,0.90703803
1,1,0.9680696
1,1,0.99184954
1,1,0.9857336
1,1,0.9971836
1,1,0.9952461
1,1,0.9856381
1,1,0.9926278
1,1,0.99513125
1,1,0.983904
1,1,0.99444866
1,1,0.98829055
1,1,0.927678
1,1,0.9885632
1,1,0.9736356
1,1,0.9825387
1,1,0.9914381
1,1,0.9894511
1,1,0.946976
1,1,0.9782049
1,1,0.9868917
1,1,0.9585244
1,1,0.9928595
1,1,0.9925176
1,1,0.9488461
1,1,0.9791886
1,1,0.9947253
1,1,0.9826728
1,1,0.98209214
1,1,0.9764841
1,1,0.9662184
1,1,0.978379
1,1,0.9762715
1,1,0.99138486
1,1,0.95804495
1,1,0.98378617
1,1,0.9932254
1,1,0.9878242
1,1,0.9954265
1,1,0.982414
1,1,0.9842668
1,1,0.95500803
1,1,0.9810786
1,1,0.9385399
1,1,0.9876752
1,1,0.9831078
1,1,0.9929686
1,1,0.9848253
1,1,0.9867352
1,1,0.93379164
1,1,0.9665345
1,1,0.9694008
1,1,0.9889108
1,1,0.927914
1,1,0.9777738
1,1,0.960316
1,1,0.9218947
1,1,0.9955219
1,1,0.9906036
1,1,0.97987777
1,1,0.995288
1,1,0.97198784
1,1,0.98337644
1,1,0.9948218
1,1,0.9866941
1,1,0.9945633
1,1,0.9840156
1,1,0.98294973
1,1,0.99733067
1,1,0.9954137
1,1,0.9872952
1,1,0.9637583
1,1,0.9631738
1,1,0.973539
1,1,0.993292
1,1,0.968364
1,1,0.9946353
1,1,0.9963012
1,1,0.9981773
1,1,0.9730532
1,1,0.9953259
1,1,0.995057
1,1,0.9863077
1,1,0.9933077
1,1,0.9905876
1,1,0.8794228
1,1,0.99497354
1,1,0.99403846
1,1,0.9735494
1,1,0.98495513
1,1,0.99347335
1,1,0.99365544
1,1,0.9770345
1,1,0.9840724
1,1,0.9888391
1,1,0.9919708
1,1,0.97303176
1,1,0.974551
1,1,0.97432005
1,1,0.9964336
1,1,0.9910913
1,1,0.96722347
1,1,0.98086286
1,1,0.9928357
1,1,0.99750155
1,1,0.69301486
1,1,0.9630739
1,1,0.9957411
1,1,0.9913235
1,1,0.98791784
1,1,0.9922408
1,1,0.9713319
1,1,0.9954484
1,1,0.97264117
1,1,0.97225076
1,1,0.9841031
1,1,0.9907487
1,1,0.9668716
1,1,0.9875332
1,1,0.99463296
1,1,0.9878116
1,1,0.9967901
1,1,0.9317634
1,1,0.9713598
1,1,0.98415226
1,1,0.989298
1,1,0.94363344
1,1,0.9332937
1,1,0.9608007
1,1,0.9900357
1,1,0.9880058
1,1,0.9739908
1,1,0.7586054
1,1,0.9890444
1,1,0.92872345
1,0,0.09003637
1,1,0.9937383
1,1,0.86563265
1,1,0.9912975
1,1,0.9865747
1,1,0.9962704
1,1,0.9923132
1,1,0.9853892
1,1,0.9917048
1,1,0.96141857
1,1,0.993723
1,1,0.975225
1,1,0.9808338
1,1,0.9883122
1,1,0.9930479
1,1,0.9978532
1,1,0.9823851
1,1,0.99385357
1,1,0.9712856
1,1,0.9945851
1,1,0.9933316
1,1,0.9724754
1,1,0.9931518
1,1,0.9007632
1,1,0.9972541
1,1,0.9976253
1,1,0.93384135
1,1,0.9613937
1,1,0.9634566
1,1,0.98228455
1,1,0.98721784
1,1,0.5777545
1,1,0.9966151
1,1,0.9883632
1,1,0.98033947
1,1,0.97126544
1,1,0.986169
1,1,0.99299884
1,1,0.9842913
1,1,0.9725805
1,1,0.9880194
1,1,0.9720737
1,1,0.9875995
1,1,0.99347323
1,1,0.99393046
1,1,0.9823111
1,1,0.79508436
1,1,0.99537295
1,1,0.9704854
1,1,0.9898385
1,1,0.9521154
1,1,0.9833635
1,1,0.6373835
1,1,0.99624455
1,1,0.9965927
1,1,0.9562337
1,1,0.98580176
1,1,0.9837405
1,1,0.98973536
1,1,0.9872264
1,1,0.9915569
1,1,0.98740923
1,1,0.981296
1,1,0.9894118
1,1,0.97133857
1,1,0.96876705
1,1,0.99663526
1,1,0.99185354
1,1,0.9906036
1,1,0.89714247
1,1,0.990593
1,1,0.9878098
1,1,0.98741454
1,1,0.9828499
1,1,0.9952283
1,1,0.97604716
1,1,0.9810265
1,1,0.9697435
1,1,0.9877275
1,1,0.9573277
1,1,0.9663735
1,1,0.94223386
1,1,0.9305814
1,1,0.98935014
1,1,0.99247
1,1,0.9916432
1,1,0.9876258
1,1,0.98511326
1,1,0.9810992
1,1,0.9915854
1,1,0.98186547
1,1,0.9966497
1,1,0.94304705
1,1,0.9552834
1,1,0.97807133
1,1,0.9683954
1,1,0.9909561
1,1,0.9588628
1,1,0.9849622
1,1,0.9568734
1,1,0.95588446
1,1,0.9974227
1,1,0.9835418
1,1,0.98718333
1,1,0.99340326
1,1,0.9965718
1,1,0.9979917
1,1,0.99222445
1,1,0.9881982
1,1,0.98245203
1,1,0.9699855
1,1,0.99444866
1,1,0.93159574
1,1,0.9657506
1,1,0.97294486
1,1,0.87694037
1,1,0.97379553
1,1,0.99584657
1,1,0.98407346
1,1,0.9942076
1,1,0.99221134
1,1,0.9944818
1,1,0.9920167
1,1,0.9852637
1,1,0.9966007
1,1,0.9912937
1,1,0.986198
1,1,0.97708863
1,1,0.9969854
1,1,0.99367553
1,1,0.9640844
1,1,0.9791199
1,1,0.99483794
1,1,0.9784394
1,1,0.99435127
1,1,0.9966384
1,1,0.93447644
1,1,0.99447423
1,1,0.9936225
1,1,0.9881926
1,1,0.9787087
1,1,0.9920879
1,1,0.986075
1,1,0.99650586
1,1,0.99252
1,1,0.9709773
1,1,0.98100567
1,1,0.9953371
1,1,0.9907364
1,1,0.99413884
1,1,0.9903094
1,1,0.9829679
1,1,0.9825361
1,0,0.30021268
1,1,0.99728906
1,1,0.98058766
1,1,0.82211846
1,1,0.9937807
1,1,0.9914453
1,1,0.98039377
1,1,0.9779925
1,1,0.97319084
1,1,0.9897127
1,1,0.95378643
1,1,0.96164477
1,1,0.9726073
1,1,0.9807668
1,1,0.95264673
1,1,0.9964541
1,1,0.9917635
1,1,0.98493123
1,1,0.98416555
